Nama Restaurant,Rating,Tipe Restaurant,Price,Daerah,Label
Kedai Pisang The Monkey,3.9,Desserts,15000,"Kalibata, Jakarta",1
KAKAW Fine Chocolate & Patisserie,3.4,"Kafe, Desserts",20000,"Senayan, Jakarta",1
Bakeri Monami,3.5,"Kue & Roti, Desserts",20000,"Senayan City, Senayan, Jakarta",1
Join Kopi Bulungan,3.9,Kopi,20000,"Blok M, Jakarta",1
Kopi Coga,4,"Kafe, Kopi, Tea",25000,"Bendungan Hilir, Jakarta",1
Ayam Keprabon Express,3.8,Indonesia,25000,"Palmerah, Jakarta",1
Bakmi DKI,3.1,Bakmi,25000,"Palmerah, Jakarta",1
"Mie Keriting Benhil ""Mas Pujo""",3.4,Bakmi,25000,"Bendungan Hilir, Jakarta",1
Pecel Ayam Mami,3.8,Jawa,25000,"Palmerah, Jakarta",1
D' Crepes,3.5,"Desserts, Camilan",25000,"Plaza Senayan, Senayan, Jakarta",1
Daikohi,3.3,Minuman,25000,"Senayan, Jakarta",1
Le Gourmet,3,"Kue & Roti, Desserts",25000,"Plaza Senayan, Senayan, Jakarta",1
Fortis Coffee,3,Kopi,25000,"Senayan Park, Senayan, Jakarta",1
Kopi Lain Hati,3.3,"Kopi, Minuman",25000,"Senayan, Jakarta",1
Rocky Rooster,4.2,Makanan Cepat Saji,25000,"Palmerah, Jakarta",1
Kopilangit,3,"Kafe, Kopi, Tea",25000,"Bendungan Hilir, Jakarta",1
Selembar Pizza,3.1,"Kopi, Pizza",25000,"Palmerah, Jakarta",1
Kopi SSS,3.7,"Kopi, Minuman",25000,"Sudirman, Jakarta",1
Kidota Coffee,4.9,Kopi,25000,"Senayan, Jakarta",1
Kopi Ketemu,3.4,Kopi,25000,"Senayan, Jakarta",1
Nasi Padang Trio Jaya,3.3,Padang,25000,"Kuliner GBK, Senayan, Jakarta",1
Ayam Blenger PSP,4.2,Indonesia,25000,"Palmerah, Jakarta",1
Bakso Cinta Rasa,4,Bakso,25000,"Palmerah, Jakarta",1
Ayam Gepuk Sambal Bawang Pak Gembus,3.5,Indonesia,25000,"Senopati, Jakarta",1
KL Kafe,5,"Kafe, Tea, Desserts",25000,"K - Link Tower, Gatot Subroto, Jakarta",1
Burger Bakar Qebul,4.1,Burger,25000,"Pasar Minggu, Jakarta",1
Kedai Kopi Tenong,3.8,"Makanan Jalanan, Indonesia",25000,"Fatmawati, Jakarta",1
COFFE.A,3.7,"Kafe, Kopi",25000,"PHX Permata Hijau, Kebayoran Lama, Jakarta",1
Teritori Kopi,3.6,Kopi,25000,"Jagakarsa, Jakarta",1
KO.LO Kopi Lokal,4.1,"Kopi, Indonesia, Camilan",25000,"Dharmawangsa, Jakarta",1
Dimsum Pertok,3.4,Dimsum,25000,"Dharmawangsa, Jakarta",1
Warung Gelo,3,"Makanan Jalanan, Indonesia",25000,"Kemang, Jakarta",1
Kopi KANO,3.7,"Kafe, Kopi",25000,"Senopati, Jakarta",1
Châteraisé,4.3,"Kopi, Kue & Roti, Minuman",30000,"Senayan City, Senayan, Jakarta",1
Fi:ka by Sour Sally,3.6,"Kopi, Minuman",30000,"Senayan, Jakarta",1
Bakerman,4.2,"Kopi, Desserts, Minuman",30000,"SCBD, Jakarta",1
Rumah Makan Surya,4.2,Padang,30000,"Bendungan Hilir, Jakarta",1
Bakmi Win,4,"Bakmi, Chinese",30000,"SCBD, Jakarta",1
Mie Ayam Gamat,3.9,Bakmi,30000,"Bendungan Hilir, Jakarta",1
Onigiri Futago,3.5,"Makanan Jalanan, Jepang",30000,"fX Sudirman, Sudirman, Jakarta",1
Sate Taichan 87 Bang Ocit,3.8,Satay,30000,"Senayan, Jakarta",1
Bukanagara Coffee,3.7,Kopi,30000,"Graha Niaga, SCBD, Jakarta",1
Kebab Monster,3.4,Kebab,30000,"Palmerah, Jakarta",1
Soto Sedaap Boyolali Hj. Widodo,3.8,"Soto, Satay, Jawa",30000,"Bendungan Hilir, Jakarta",1
Salt and Pepper,3.9,"Taiwanese, Makanan Jalanan",30000,"Palmerah, Jakarta",1
Karaagee Oishi,3.7,Jepang,30000,"fX Sudirman, Sudirman, Jakarta",1
Sharetea,3.7,"Bubble Tea, Minuman",30000,"Plaza Semanggi, Sudirman, Jakarta",1
Blenger Burger,4.3,"Burger, Fast Food",30000,"Blok M, Jakarta",1
Nasi Peda Pelangi,3.4,Indonesia,30000,"Fairgrounds, SCBD, Jakarta",1
Nusa Kopi,4.5,Kopi,30000,"Gandaria, Jakarta",1
Mie Aceh Jaly - Jaly,3.9,Aceh,30000,"Tebet, Jakarta",1
ILegal Library,4.6,Kopi,30000,"Senopati, Jakarta",1
KISAKU,4.2,Kopi,30000,"Senopati, Jakarta",1
Foresthree,3.9,"Indonesia, Barat, Kafe, Kopi",30000,"Dharmawangsa, Jakarta",1
Setengah Lima Coffee,3.3,Kopi,30000,"Kemang, Jakarta",1
Kopi Nako,3.8,"Kopi, Tea",30000,"Melawai, Jakarta",1
Chickro,3.4,Indonesia,30000,"M Bloc Space, Senopati, Jakarta",1
Dapur Sedap,3.3,Indonesia,30000,"Bintaro, Jakarta",1
Soto Mie Teh Ussy,3,"Soto, Sunda",30000,"Lebak Bulus, Jakarta",1
Makna Coffee,4.5,"Kafe, Kopi, Tea",33000,"Promenade Commercial, Kemang, Jakarta",1
Strudel House,3.5,Kue & Roti,35000,"Plaza Senayan, Senayan, Jakarta",1
Bakso Solo,4.3,Bakso,35000,"Kuliner GBK, Senayan, Jakarta",1
Pizza Grand Lucky,4.2,Pizza,35000,"Grand Lucky Superstore, SCBD, Jakarta",1
Gudeg Pejompongan,3.9,Jawa,35000,"Bendungan Hilir, Jakarta",1
Kopi Enak Indonesia,3.8,"Kopi, Minuman",35000,"Bendungan Hilir, Jakarta",1
Ayam Bebek Pak Boss,2.7,Indonesia,35000,"Palmerah, Jakarta",1
BreadTalk,3.4,"Kue & Roti, Desserts",35000,"Senayan City, Senayan, Jakarta",1
Koi Kafe,3.3,"Bubble Tea, Minuman",35000,"Senayan City, Senayan, Jakarta",1
Soma Coffee,4.7,Kopi,35000,"Senayan, Jakarta",1
Nasi Gila & Sate Taichan Patung Panahan,3.1,"Makanan Jalanan, Satay",35000,"Senayan, Jakarta",1
Kina,3.4,"Kopi, Burger, Fusion",35000,"SCBD, Jakarta",1
HABITUAL COFFEE & EATERY (Roti Bakar Kemang),3.2,"Desserts, Makanan Jalanan",35000,"Bendungan Hilir, Jakarta",1
Arborea Kafe,3,Kopi,35000,"Senayan, Jakarta",1
Duta Bakwan & Cwie Mie Malang,3.3,Indonesia,35000,"Plaza Senayan, Senayan, Jakarta",1
McKafe,3.2,"Kopi, Tea, Desserts",35000,"STC Senayan, Senayan, Jakarta",1
Churrobites: Churros and Coffee,4,"Kopi, Camilan, Barat",35000,"Senayan, Jakarta",1
Kopi Senayan,3.5,Kopi,35000,"Senayan, Jakarta",1
Warung Steak 76,3.5,Steak,35000,"Palmerah, Jakarta",1
Kedai Kopi Kulo,3.7,"Minuman, Kopi",35000,"Bendungan Hilir, Jakarta",1
Roti Bakar Kemang,3.9,"Desserts, Makanan Jalanan",35000,"Kemang, Jakarta",1
Bakmi Jogja 'Mas Tok',3.6,"Bakmi, Jawa",35000,"Pasar Minggu, Jakarta",1
Araneo Coworking Space & Kafe,3.5,"Indonesia, Kopi",35000,"Pasar Minggu, Jakarta",1
Panggang Bro,4,"Indonesia, Bali",35000,"Kemang, Jakarta",1
Kedai Halaman,3.6,"Jawa, Indonesia",35000,"Fatmawati, Jakarta",1
Philocoffee,3.8,"Kopi, Beverages",35000,"Fatmawati, Jakarta",1
Dapoer Roti Bakar,3.7,"Kopi, Desserts",35000,"Pasar Minggu, Jakarta",1
KOPIOLA,3.6,Kopi,35000,"Jagakarsa, Jakarta",1
HAOTE - Sate Maranggi,3.8,"Satay, Sunda, Indonesia",35000,"Senopati, Jakarta",1
Casa Da Vespa Kafe,3.3,"Kopi, Tea, Beverages",35000,"Fatmawati, Jakarta",1
Mie Aceh Seulawah,4.2,"Bakmi, Aceh",38000,"Bendungan Hilir, Jakarta",1
Krispy Kreme,3.4,"Kue & Roti, Desserts",38000,"Senayan City, Senayan, Jakarta",1
Maqui's,3.7,Desserts,38000,"Senayan City, Senayan, Jakarta",1
9 Square Pool & Resto,3.4,"Indonesia, Chinese",38000,"Palmerah, Jakarta",1
Banyak GAYA Coffee,3.7,"Kopi, Barat",40000,"Senayan, Jakarta",1
Amyrea Art & Kitchen,3,Indonesia,40000,"Senayan, Jakarta",1
Komodo Kopi,4.8,Kopi,40000,"Senayan, Jakarta",1
WOW Eat Drink Click,4.8,Makanan Cepat Saji,40000,"Senayan, Jakarta",1
Mangkok Ku,3.6,Indonesia,40000,"Senayan Park, Senayan, Jakarta",1
Ciz n' Chic,4.1,Makanan Cepat Saji,40000,"Palmerah, Jakarta",1
Khayal Coffee Studio,4.1,"Kopi, Desserts",40000,"Bendungan Hilir, Jakarta",1
Honey Lane,3.9,"Minuman, Ice Cream, Desserts",40000,"Pacific Place, SCBD, Jakarta",1
Ropisbak Ghifari,2.8,"Makanan Jalanan, Indonesia",40000,"Palmerah, Jakarta",1
Stacksite Express,3.9,"Amerika, Burger, Makanan Cepat Saji",40000,"Senayan, Jakarta",1
Auntie Anne's,3.5,Kue & Roti,40000,"Senayan City, Senayan, Jakarta",1
Sari Ratu,3.1,Padang,40000,"Plaza Senayan, Senayan, Jakarta",1
Casa Kopi,3.9,Kopi,40000,"Bendungan Hilir, Jakarta",1
Mister Donut,3.1,"Kue & Roti, Desserts",40000,"fX Sudirman, Sudirman, Jakarta",1
BLEUM Coffee,3.1,"Kopi, Tea",40000,"Pacific Place, SCBD, Jakarta",1
Love & Eat,3.5,"Barat, Asia",40000,"Bendungan Hilir, Jakarta",1
Foodhall Kitchen,3,"Eropa, Jawa, Indonesia",40000,"Plaza Senayan, Senayan, Jakarta",1
Soto Kudus Senayan,3,"Jawa, Soto, Indonesia",40000,"Rukan Permata Senayan, Senayan, Jakarta",1
Old Chang Kee,3.6,Singapura,40000,"Senayan City, Senayan, Jakarta",1
Swoosh Coffee,3.4,"Kopi, Desserts",40000,"Plaza Senayan, Senayan, Jakarta",1
Kue Lily,2.9,Kue & Roti,40000,"Plaza Senayan, Senayan, Jakarta",1
Garuda Sports Café,4.5,Kopi,40000,"Senayan, Jakarta",1
Sate Taichan Bang Ipan,3.4,Satay,40000,"Senayan, Jakarta",1
Bopet Mini,4.4,Padang,40000,"Bendungan Hilir, Jakarta",1
Restoran Ayam Jerit by Titi Kamal,3.2,Indonesia,40000,"Teras Benhil, Bendungan Hilir, Jakarta",1
AEON Sushi Dash & Go,3.4,"Jepang, Sushi",40000,"fX Sudirman, Sudirman, Jakarta",1
Obonk Steak & Ribs,2.8,"Steak, Jawa",40000,"Palmerah, Jakarta",1
Ben & Bill,3.6,Kafe,40000,"Menara Prima, Kuningan, Jakarta",1
Ketupat Sayur Mandala,3.7,Indonesia,40000,"Mampang Prapatan, Jakarta",1
Kopi SANA Kith & Kin,4.5,Kopi,40000,"Kemang, Jakarta",1
Toraja Coffee House,4,"Kafe, Kopi, Tea",40000,"Tebet, Jakarta",1
Nubi Coffee And Bites,3.9,"Kafe, Kopi",40000,"Fatmawati, Jakarta",1
What's Up CafÃ©,4,"Makanan Jalanan, Desserts, Indonesia",40000,"Tebet, Jakarta",1
First Scoop,3.8,Ice Cream,40000,"Pelaspas Dharmawangsa, Dharmawangsa, Jakarta",1
Monochrome Coffee Roastery,3.8,"Kopi, Barat",40000,"Kemang Village, Kemang, Jakarta",1
Kopi Sakti,3.7,"Kopi, Desserts",40000,"Kemang, Jakarta",1
Lenma Coffee,3.7,Kopi,40000,"Tebet, Jakarta",1
Brookland Coffee,3.1,"Kafe, Kopi",40000,"Dharmawangsa, Jakarta",1
Sangkala Coffee,3.7,"Kopi, Beverages",40000,"Kemang, Jakarta",1
Burger Plan,3.7,Burger,40000,"Senopati, Jakarta",1
Darling Habit,4.1,"Kafe, Barat, Kopi, Tea",40000,"Tebet, Jakarta",1
Toko Kopi Tuku,4.7,"Kopi, Beverages",40000,"Pasar Santa, Senopati, Jakarta",1
Warung Fotkop,3.9,"Kafe, Kopi",40000,"Fatmawati, Jakarta",1
Over Limit Kafe,4.7,Kafe,40000,"Kebayoran Lama, Jakarta",1
Waroeng Steak And Shake,2.5,Steak,40000,"Tebet, Jakarta",1
Pizzza Dealer,3.7,Pizza,40000,"Pelaspas Dharmawangsa, Dharmawangsa, Jakarta",1
Moss Kafe,3.2,"Kafe, Itali, Barat",40000,"Moss Kafe, Lebak Bulus, Jakarta",1
Warung Pindang Kikil,3.9,"Indonesia, Jawa",40000,"Cilandak, Jakarta",1
Soto Dudu,4.2,"Soto, Indonesia",40000,"Lebak Bulus, Jakarta",1
Aroma Daun Sefood,4.9,Seafood,40000,"Pondok Indah, Jakarta",1
Roti Bakar 88,3.8,"Desserts, Makanan Jalanan, Indonesia",40000,"Jagakarsa, Jakarta",1
Pyro Coffee House and Roastery,3.9,"Kopi, Itali",40000,"Fatmawati, Jakarta",1
Ngoepi,3.5,"Kafe, Kopi",40000,"Fatmawati, Jakarta",1
Ayam Bakar Wong Solo,3.7,Jawa,43000,"Tebet, Jakarta",1
Bake-a-Boo,4,"Kopi, Tea, Roti",43000,"Senopati, Jakarta",1
Shihlin,3.9,"Makanan Jalanan, Taiwanese",45000,"Pacific Place, SCBD, Jakarta",1
Takoyaki Naruto,4,Jepang,45000,"Melawai, Jakarta",1
Mie Aceh Setiabudi,3.7,"Bakmi, Aceh",45000,"Setiabudi, Jakarta",1
Pecel Lele Lela,3.8,Jawa,45000,"Tebet, Jakarta",1
Kebab Cuy!,2.6,Kebab,45000,"Mampang Prapatan, Jakarta",1
Waroeng Aceh Kemang,3.9,Aceh,45000,"Kemang, Jakarta",1
Tepi Kopi,3.9,"Kafe, Kopi, Tea",45000,"Pondok Indah, Jakarta",1
Sour Sally,4,Desserts,50000,"Senayan City, Senayan, Jakarta",1
Singapore Hainanese Chicken Rice,3.2,Singapura,50000,"Senayan City, Senayan, Jakarta",1
Kedai Kenanga,3.4,Chinese,50000,"Rukan Permata Senayan, Senayan, Jakarta",1
Fins Recipe,3,"Desserts, Indonesia",50000,"Plaza Senayan, Senayan, Jakarta",1
Nata Cakes & Cookies,3.5,"Kue & Roti, Desserts",50000,"Plaza Senayan, Senayan, Jakarta",1
d’Cantel,4.6,Indonesia,50000,"Senayan, Jakarta",1
Atap Rumah,3.5,"Indonesia, Itali",50000,"Bendungan Hilir, Jakarta",1
Harlan+Holden,4,"Kopi, Desserts",50000,"Pacific Place, SCBD, Jakarta",1
"Ayam Bakar ""Kambal""",4.2,Jawa,50000,"Palmerah, Jakarta",1
Tomaple,3.5,"Kue & Roti, Kopi",50000,"Sudirman, Jakarta",1
Coffee Cup by Chérie,3.6,"Indonesia, Kopi, Tea",50000,"Rukan Permata Senayan, Senayan, Jakarta",1
McDonald's,3.7,Makanan Cepat Saji,50000,"STC Senayan, Senayan, Jakarta",1
Re.Juve,3.4,"Minuman, Jus",50000,"Plaza Senayan, Senayan, Jakarta",1
Kuroiwa Kafe and Bar,3.2,"Kopi, Kafe, Jepang",50000,"STC Senayan, Senayan, Jakarta",1
Kedai Mamaku,3.2,Indonesia,50000,"Rukan Permata Senayan, Senayan, Jakarta",1
Warung Korea Pop,4.1,Korea,50000,"Bendungan Hilir, Jakarta",1
Bebek BKB,4.3,Indonesia,50000,"Bendungan Hilir, Jakarta",1
Waroeng Western,3.4,Asia,50000,"Palmerah, Jakarta",1
Bebek Semangat,4,"Jawa, Indonesia",50000,"Plaza Semanggi, Sudirman, Jakarta",1
Kambing Bakar Barakah,3.3,Timur Tengah,50000,"Palmerah, Jakarta",1
Bebek Goreng H. Slamet,3.4,"Jawa, Indonesia",50000,"Bendungan Hilir, Jakarta",1
Bilik Kopi,2.8,"Kafe, Kopi, Tea",50000,"Sahid Sudirman Center, Sudirman, Jakarta",1
Sugakiya,4.1,Ramen,50000,"Plaza Senayan, Senayan, Jakarta",1
Hokkaido Baked Cheese Tart,4.3,"Desserts, Jepang",50000,"Senayan City, Senayan, Jakarta",1
Hunan Fish Noodle,4,Chinese,50000,"Plaza Senayan, Senayan, Jakarta",1
Yoshinoya,3.6,"Jepang, Makanan Cepat Saji",50000,"Plaza Senayan, Senayan, Jakarta",1
P&C Coffee,2.5,Kopi,50000,"Senayan City, Senayan, Jakarta",1
Green Wok,3.3,Indonesia,50000,"Senayan City, Senayan, Jakarta",1
Kopi Politik,3.5,Kafe,50000,"Senayan, Jakarta",1
Blumchen Coffee,4.1,"Kafe, Kopi, Tea",50000,"Fairgrounds, SCBD, Jakarta",1
Bu Eva Spesial Sambal,3.8,Indonesia,50000,"Bendungan Hilir, Jakarta",1
Maxx Coffee,3.2,"Kopi, Tea, Desserts",50000,"MRCCC Siloam Hospital, Sudirman, Jakarta",1
Kopi Kalyan,4.3,"Kafe, Barat, Indonesia",50000,"Senopati, Jakarta",1
Sleepyhead Coffee,4.3,Kafe,50000,"Senopati, Jakarta",1
Publichood Coffee Shop,3.9,"Kafe, Roti",50000,"Equity Tower, SCBD, Jakarta",1
Pecel Ramidjan,3.6,Jawa,50000,"Senopati, Jakarta",1
Marcoffee Bistro,3.3,"Kafe, Kopi",50000,"Menara Jamsostek, Gatot Subroto, Jakarta",1
Grabba Java Kafe,4,"Indonesia, Jepang, Chinese",50000,"Alamanda Tower, Cilandak, Jakarta",1
Nitro Coffee,3.8,Kopi,50000,"Senopati, Jakarta",1
Louie Coffee,3.8,"Kafe, Kopi, Tea",50000,"Pondok Indah, Jakarta",1
Koko Bogana,4,Jawa,50000,"Senopati, Jakarta",1
Coffite - Quality Street Coffee,3.9,"Kafe, Kopi, Itali",50000,"Tebet, Jakarta",1
MASALALU,3.9,Indonesia,50000,"Tebet, Jakarta",1
Mie Ceker Bandung,3.6,"Bakmi, Sunda",50000,"Tebet, Jakarta",1
Kambing Babeh Dolof,4,Indonesia,50000,"Kemang, Jakarta",1
Nasi Jeruk Tanggal Tua,3.8,Indonesia,50000,"Fatmawati, Jakarta",1
House Of Sore,3.6,"Kafe, Kopi",50000,"Tebet, Jakarta",1
Emji Coffee Bar & Space,3.4,"Kopi, Tea, Desserts",50000,"Kuningan, Jakarta",1
Saung Rasa,3.7,Indonesia,50000,"Tebet, Jakarta",1
CoPaste (Coffee Pasar Tebet),3,"Kopi, Desserts",50000,"Tebet, Jakarta",1
Cravefeine,3.8,Kafe,50000,"Menara Dea, Kuningan, Jakarta",1
Give Me Five Coffee & Burger Bar,3.7,"Kopi, Burger",50000,"Manggarai, Jakarta",1
Warung Tohang,3.3,"Medan, Indonesia",50000,"Tebet, Jakarta",1
Def3logie Poolside Kafe,3.6,"Kopi, Itali, Indonesia",50000,"Lebak Bulus, Jakarta",1
Backyard 52C,3.8,"Makanan Jalanan, Desserts",50000,"Setiabudi, Jakarta",1
Bunna Coffee,3.7,"Kopi, Kafe",50000,"Senopati, Jakarta",1
D'bubbles Shisha Kafe,3.9,"Kopi, Arabian, Itali, Barat",50000,"Tebet, Jakarta",1
Pittsa Lokal,3.7,Pizza,50000,"Blok M, Jakarta",1
Omio Coffee,3.7,Kopi,50000,"Kemang, Jakarta",1
Pak Ngah Kopitiam,2.9,"Jawa, Chinese",50000,"Senopati, Jakarta",1
Dapur Mampang H. Rachmat,4.8,"Indonesia, Makanan Sehat Food",50000,"Mampang Prapatan, Jakarta",1
betterCHOCOlatethannever,4.1,Desserts,50000,"Dharmawangsa, Jakarta",1
Martabak AA,4.2,"Makanan Jalanan, Martabak",50000,"Manggarai, Jakarta",1
Iga Bagus,4.1,Indonesia,50000,"Tebet, Jakarta",1
Galleon Coffee,4,"Kopi, Tea, Camilan",50000,"Kebayoran Lama, Jakarta",1
Kapyc Coffee,3.8,Kopi,50000,"Senopati, Jakarta",1
Sangre Kopi dan Gelato,3.6,"Kafe, Ice Cream, Kopi",50000,"Bintaro, Jakarta",1
Hole in One Coffee,3.6,"Kopi, Desserts",50000,"Cilandak, Jakarta",1
Honey Beans Coffee & Roastery,3.9,"Tea, Camilan, Indonesia, Kafe, Kopi",50000,"Pondok Indah, Jakarta",1
Kopi Ini,2.8,"Kopi, Tea",50000,"Lebak Bulus, Jakarta",1
Richeese Factory,3.8,Fast Food,50000,"Mampang Prapatan, Jakarta",1
Haka Dimsum Shop,4.3,Dimsum,50000,"Kemang, Jakarta",1
Warcon Warung Container,5,"Kopi, Fast Food",50000,"Cilandak, Jakarta",1
Burgushi,3.8,Jepang,50000,"Tebet, Jakarta",1
BangiKopi,3.5,"Indonesia, Peranakan, Kopi",50000,"Pasar Minggu, Jakarta",1
Bubur Ayam Sukabumi,3.4,Indonesia,50000,"Tebet, Jakarta",1
Skut Kopi,3.9,Kafe,50000,"Blok M, Jakarta",1
Roti Bakar Eddy,3.3,"Indonesia, Bakmi",50000,"Pondok Indah, Jakarta",1
Cordelia,3.6,"Roti, Desserts",50000,"Kemang, Jakarta",1
Teduh Coffee,3.8,"Kopi, Indonesia",50000,"Fatmawati, Jakarta",1
RUL'S Coffee Gallery,3.8,"Kopi, Desserts",50000,"Manggarai, Jakarta",1
Pizza Place,3.7,Pizza,50000,"M Bloc Space, Senopati, Jakarta",1
Magia Coffee,3.6,"Kopi, Beverages, Camilan",50000,"Fatmawati, Jakarta",1
CengLi!,3.8,Chinese,50000,"Kemang, Jakarta",1
Martabakku Menteng,3.7,"Makanan Jalanan, Martabak",50000,"Kemang, Jakarta",1
Kedai 3 Jari,3,"Makanan Jalanan, Steak, Indonesia",50000,"Bintaro, Jakarta",1
Cwims,3.3,Bakmi,50000,"Lebak Bulus, Jakarta",1
Sumorice,3.8,Jepang,53000,"Melawai, Jakarta",1
GROM,4.3,"Ice Cream, Desserts",55000,"Plaza Senayan, Senayan, Jakarta",1
Djournal Coffee,3.8,"Kopi, Minuman, Fusion",55000,"Senayan City, Senayan, Jakarta",1
Cold Stone Creamery,3.9,"Ice Cream, Desserts",55000,"Senayan City, Senayan, Jakarta",1
Soto Bangkong,3.9,"Soto, Jawa",55000,"Senayan, Jakarta",1
The Coffee Bean & Tea Leaf,3.2,"Kopi, Tea, Desserts, Amerika, Itali",55000,"Senayan City, Senayan, Jakarta",1
Loka Padang,3.8,Padang,55000,"Sudirman Park Apartemen, Tanah Abang, Jakarta",1
Funantique Kopi,3.4,"Kopi, Indonesia, Tea",55000,"Bendungan Hilir, Jakarta",1
Bakmi Kusuma,3.9,Bakmi,55000,"Gandaria, Jakarta",1
Gokana Ramen & Teppan,3.4,"Jepang, Asia",55000,"Bintaro Plaza, Bintaro, Jakarta",1
Martabak San Fransisco,3.8,Martabak,55000,"Tebet, Jakarta",1
Java Soul Coffee,3.9,"Kopi, Desserts, Finger Food, Indonesia",55000,"Kemang, Jakarta",1
TuBo,4,"Indonesia, Jepang",55000,"Lebak Bulus, Jakarta",1
Kobeshi Kitchen,4.2,Jepang,60000,"Senayan City, Senayan, Jakarta",1
Ramen Ya!,3.7,"Ramen, Jepang",60000,"Senayan City, Senayan, Jakarta",1
Starbucks Reserve,3.9,"Kopi, Tea, Desserts",60000,"Senayan, Jakarta",1
J.CO Donuts & Coffee,3.9,"Desserts, Kopi",60000,"Senayan City, Senayan, Jakarta",1
Wendy's,2.7,"Makanan Cepat Saji, Amerika",60000,"Senayan City, Senayan, Jakarta",1
Salty Sam,3.8,Singapura,60000,"fX Sudirman, Sudirman, Jakarta",1
Tiga Wonton,5,Chinese,60000,"fX Sudirman, Sudirman, Jakarta",1
Koi Teppanyaki,3.3,Jepang,60000,"Senayan City, Senayan, Jakarta",1
Chopstix,3.2,"Peranakan, Chinese",60000,"Plaza Senayan, Senayan, Jakarta",1
Fish Bite!,2.8,"Seafood, Barat",60000,"Palmerah, Jakarta",1
Soto Ayam Ambengan Cak Di,4.5,Soto,60000,"SCBD, Jakarta",1
Scandinavian Coffee Shop,3.5,"Kafe, Kopi, Tea",60000,"Sudirman, Jakarta",1
Marugame Udon,3.4,Jepang,60000,"fX Sudirman, Sudirman, Jakarta",1
Godiva,4,Desserts,60000,"Plaza Senayan, Senayan, Jakarta",1
Wingstop,4,"Amerika, Makanan Cepat Saji",60000,"Plaza Senayan, Senayan, Jakarta",1
MING FA,3.9,Singapura,60000,"Senayan, Jakarta",1
Cak Tu Ci Express,5,Indonesia,60000,"Senayan, Jakarta",1
Geprek Bensu,2.6,Indonesia,60000,"Bendungan Hilir, Jakarta",1
Soto Mie & Bakso Sarodja,3.7,Jawa,60000,"Bendungan Hilir, Jakarta",1
Ayam Goreng Karawaci,3.7,Jawa,60000,"Plaza Semanggi, Sudirman, Jakarta",1
Kozi Coffee,4,"Kopi, Indonesia",60000,"Cilandak, Jakarta",1
Warung Bakmi Mpek Tjoen,4,Asia,60000,"Gandaria, Jakarta",1
Ladang Coffee,3.9,Kafe,60000,"Jagakarsa, Jakarta",1
Ground 57 Coffee,3.6,"Kopi, Asia",60000,"Blok M, Jakarta",1
Resto Tigapuluh,3.6,Indonesia,60000,"Tebet, Jakarta",1
Flip Burger,4,Burger,60000,"Pondok Indah Plaza 6, Pondok Indah, Jakarta",1
AL Coffee,3.2,"Kopi, Barat, Desserts",60000,"Kemang, Jakarta",1
Baso Malang Karapitan,2.9,"Bakso, Jawa",60000,"Plaza Festival, Kuningan, Jakarta",1
Bengawan's,3.7,"Chinese, Indonesia",60000,"Kebayoran Lama, Jakarta",1
Eatlah,4.3,Asia,60000,"Blok M, Jakarta",1
Jambo Kupi,4.3,Aceh,60000,"Pasar Minggu, Jakarta",1
Emado's Shawarma,3.9,Timur Tengah,60000,"Kemang, Jakarta",1
Brouwen Coffee & Kitchen,3.6,"Kafe, Kopi, Asia",60000,"Senopati, Jakarta",1
Kozy Hub,3.2,"Kafe, Kopi, Finger Food",60000,"Kebayoran Lama, Jakarta",1
Bakmitopia,3.4,Bakmi,60000,"Senopati, Jakarta",1
Ruang Seduh,4.1,Kopi,60000,"Kemang, Jakarta",1
Starbucks Coffee,3.9,"Kopi, Tea, Desserts",60000,"Lotte Shopping Avenue, Karet, Jakarta",1
Kunanti Kopi,4,"Kafe, Kopi, Barat, Indonesia",60000,"Bintaro, Jakarta",1
Brew and Wood Coffee,4,"Kopi, Indonesia",60000,"Cilandak, Jakarta",1
Ganthari Ayam Bakar,3.8,Jawa,60000,"Blok M, Jakarta",1
Portal Coffee and Travel,4,"Kafe, Kopi, Tea",60000,"Pondok Indah, Jakarta",1
Hidangan by Dapur Mamih,3.7,Indonesia,60000,"Pondok Indah Plaza 2, Pondok indah, Jakarta",1
Supercup Coffee Shop,3.7,"Kafe, Kopi, Dimsum",60000,"Plaza Festival, Kuningan, Jakarta",1
Warung Pringga,3.7,"Jepang, Sushi, Itali, Indonesia",60000,"Bintaro, Jakarta",1
Baba Kassim,3.8,India Utara,60000,"Mampang Prapatan, Jakarta",1
FITDELI,3.4,Makanan Sehat Food,60000,"Cilandak, Jakarta",1
Boloo Boloo,3.5,"Fast Food, Jepang",60000,"Pasar Minggu, Jakarta",1
Burger King,3.7,"Makanan Cepat Saji, Burger",63000,"Senayan City, Senayan, Jakarta",1
Bakmi GM,3.7,Bakmi,63000,"Senayan City, Senayan, Jakarta",1
Carburator Springs Kafe,3.7,Barat,63000,"Bintaro, Jakarta",1
Kopi Tikum,3.7,"Kafe, Kopi",63000,"Senopati, Jakarta",1
Bakso Lapangan Tembak Senayan,3,"Bakso, Indonesia",65000,"Senayan, Jakarta",1
A Fung Baso Sapi Asli,3.3,Bakso,65000,"Senayan City, Senayan, Jakarta",1
Gelato Secrets,2.8,Ice Cream,65000,"Citywalk Sudirman, Sudirman, Jakarta",1
Crunchaus Salads,3.5,Makanan Sehat,65000,"Plaza Senayan, Senayan, Jakarta",1
Baskin Robbins,3.2,"Ice Cream, Desserts",65000,"Senayan City, Senayan, Jakarta",1
Goedkoop,4.3,"Kafe, Kopi, Belanda",65000,"Bendungan Hilir, Jakarta",1
Kaffeine Kline,3.8,"Kopi, Indonesia, Barat",65000,"Mampang Prapatan, Jakarta",1
Chicken Run,3.7,Grill,65000,"Senopati, Jakarta",1
Sate Mak Syukur,3.6,"Satay, Padang",65000,"Pasaraya Grande, Melawai, Jakarta",1
RBoJ Coffee,4.1,Kopi,65000,"Pasar Minggu, Jakarta",1
Coffee Life,4.1,"Kopi, Indonesia, Itali",65000,"Fatmawati, Jakarta",1
Something Good,3.3,"Indonesia, Kopi, Desserts, Barat, Finger Food",65000,"Ruko Taman Hijau, Pondok Indah, Jakarta",1
Tous Les Jours,4.1,"Kue & Roti, Kopi, Tea",68000,"Senayan City, Senayan, Jakarta",1
Torico Restaurant,2.7,"Sushi, Ramen, Jepang",70000,"fX Sudirman, Sudirman, Jakarta",1
Berlin Doner,4,"Kebab, Makanan Cepat Saji, Turki",70000,"fX Sudirman, Sudirman, Jakarta",1
Golden Lamian,4,"Bakmi, Chinese",70000,"Senayan City, Senayan, Jakarta",1
Kopilojik,3.8,"Kopi, Burger, Indonesia",70000,"Tebet, Jakarta",1
Woodpecker Coffee,4.2,"Desserts, Tea, Kopi",70000,"Dharmawangsa, Jakarta",1
FRI3NDS.CO,3.5,"Kopi, Indonesia, Itali",70000,"Blok M, Jakarta",1
Mikkro Espresso,4,"Kopi, Kue & Roti, Asia",75000,"Senayan, Jakarta",1
11:11,3.6,"Kopi, Tea, Desserts",75000,"Senayan City, Senayan, Jakarta",1
Chill in Kafe,3.5,"Barat, Jawa, Indonesia",75000,"STC Senayan, Senayan, Jakarta",1
Ya Kun Kaya Toast,3,Malaysia,75000,"Plaza Senayan, Senayan, Jakarta",1
HokBen Express,3,"Makanan Cepat Saji, Jepang",75000,"Plaza Senayan, Senayan, Jakarta",1
Solaria,2.8,"Indonesia, Chinese",75000,"Senayan Park, Senayan, Jakarta",1
Barapi Meat and Grill,4.1,Steak,75000,"Palmerah, Jakarta",1
Grand Chuan Tin,3.7,"Chinese, Dimsum",75000,"Pacific Place, SCBD, Jakarta",1
Mori Express,4.7,Jepang,75000,"Office 8, Senopati, Jakarta",1
Wakacao Beef Pepper Rice,4,Indonesia,75000,"Palmerah, Jakarta",1
Café Kitsuné,2.5,Indonesia,75000,"SCBD, Jakarta",1
Hoghock,4,Asia,75000,"Citywalk Sudirman, Sudirman, Jakarta",1
K-Kitchen,3.8,Korea,75000,"Senayan City, Senayan, Jakarta",1
Warung Koffie Batavia,3.6,"Kafe, Indonesia",75000,"Senayan City, Senayan, Jakarta",1
Old Town White Coffee,3.4,"Kopi, Peranakan, Asia, Tea",75000,"Senayan, Jakarta",1
Rempah Kita,3.8,Indonesia,75000,"Senayan City, Senayan, Jakarta",1
QQ Kopitiam,3.2,"Peranakan, Indonesia, Desserts",75000,"Rukan Permata Senayan, Senayan, Jakarta",1
Sawangan Resto,3.5,Asia,75000,"Senayan, Jakarta",1
SHABUKAMA,3.3,Jepang,75000,"Senayan, Jakarta",1
On Three,4.6,"Kafe, Desserts, Kopi, Tea",75000,"SCBD, Jakarta",1
Kabuto Black,3.7,Jepang,75000,"Pacific Place, SCBD, Jakarta",1
Berrywell,3.5,Makanan Sehat,75000,"Citywalk Sudirman, Sudirman, Jakarta",1
U-Thai Kafe & Resto,3.6,"Thai, Chinese",75000,"SCBD, Jakarta",1
Puput,3.7,"Chinese, Indonesia",75000,"World Trade Center 2, Sudirman, Jakarta",1
IWS Kafe & Noodle,3.3,Bakmi,75000,"Pacific Place, SCBD, Jakarta",1
Shanghai Garden,3.8,"Chinese, Indonesia",75000,"IDX, SCBD, Jakarta",1
Barbekyu Chicken Express,3.9,Korea,75000,"Senayan, Jakarta",1
Warung Buntut Bang Jack,3.5,Indonesia,75000,"Plaza Senayan, Senayan, Jakarta",1
Fudgy Bro,3.5,Desserts,75000,"Senayan, Jakarta",1
KFC,3.1,"Makanan Cepat Saji, Amerika",75000,"Senayan City, Senayan, Jakarta",1
Eaton,3.3,"Indonesia, Chinese, Kue & Roti",75000,"Plaza Senayan, Senayan, Jakarta",1
Waroeng Kita,2.8,Indonesia,75000,"Plaza Senayan, Senayan, Jakarta",1
Sushi King,3.2,"Jepang, Sushi",75000,"Senayan City, Senayan, Jakarta",1
Kuppie Coffee,3.9,Kafe,75000,"STC Senayan, Senayan, Jakarta",1
The Cortado,3.8,"Kafe, Kopi, Tea",75000,"Palmerah, Jakarta",1
Coteca,4,"Kafe, Itali, Kopi, Tea, Desserts",75000,"Palmerah, Jakarta",1
Kedai Inn,3.2,"Kafe, Asia",75000,"Sudirman, Jakarta",1
Kopitiam,3.3,"Kopi, Peranakan",75000,"IDX, SCBD, Jakarta",1
HokBen,3.6,"Makanan Cepat Saji, Jepang",75000,"Plaza Semanggi, Sudirman, Jakarta",1
Walking Drums,4.3,Indonesia,75000,"Blok M, Jakarta",1
Pigeonhole Coffee,4.4,"Kopi, Barat",75000,"Bintaro, Jakarta",1
Bakmi Tiga Marga,3.7,"Bakmi, Chinese",75000,"Kebayoran Lama, Jakarta",1
Selawaktu Coffee,3.7,"Kopi, Asia",75000,"Tebet, Jakarta",1
Bil's Coffee,3.8,"Kopi, Desserts",75000,"CIBIS NINE, Cilandak, Jakarta",1
Lula Kitchen & Coffee,4,"Kafe, Kopi, Tea, Desserts",75000,"Dharmawangsa, Jakarta",1
Greenwood Coffee,3.9,"Kopi, Asia, Itali",75000,"Pondok Indah, Jakarta",1
Commonroom Coffee,4,"Kafe, Kopi, Barat",75000,"Fatmawati, Jakarta",1
X Coffee - Hotel NEO Tendean,3.2,"Kafe, Kopi, Tea",75000,"Senopati, Jakarta",1
Segafredo,3.6,"Kafe, Itali, Kopi",75000,"Kota Kasablanka, Tebet, Jakarta",1
Cozyfield Kafe,3.9,"Indonesia, Kafe, Roti, Kopi, Tea",75000,"Pondok Indah Mall 1, Pondok Indah, Jakarta",1
Griyo Kulo Resto,3.7,Jawa,75000,"Jagakarsa, Jakarta",1
Koffie Nation,3.7,"Kafe, Indonesia",75000,"Epicentrum Walk, Kuningan, Jakarta",1
Bebek Dower,3.0,Indonesia,75000,"Plaza Festival, Kuningan, Jakarta",1
SIKU,4.1,"Desserts, Indonesia, Amerika, Kopi, Tea",75000,"Dharmawangsa, Jakarta",1
Bukan Ruang,4.2,"Kopi, Kafe, Indonesia, Barat",75000,"Kemang, Jakarta",1
Sama Dengan,4.2,"Kafe, Kopi, Tea",75000,"Kalibata City Square, Kalibata, Jakarta",1
Terroir Coffee & Eats,4.1,"Steak, Itali, Indonesia, Kopi",75000,"Dharmawangsa, Jakarta",1
LEMONDISCOFISH,4.2,"Kopi, Desserts, Ice Cream",75000,"Kemang, Jakarta",1
Kerang Kiloan Pak Rudi,3.5,"Makanan Jalanan, Seafood",75000,"Blok M, Jakarta",1
SABA,3.6,"Asia, Barat, Kopi",75000,"Cilandak, Jakarta",1
Loteng,2.7,"Kafe, Amerika, Itali",75000,"Tebet, Jakarta",1
Kopikina,4.1,"Kafe, Kopi",75000,"Tebet, Jakarta",1
Ol' Pops Coffee,4.1,"Kopi, Camilan",75000,"Bintaro, Jakarta",1
La Boheme Coffee,4.1,"Kafe, Kopi, Barat",75000,"Setiabudi, Jakarta",1
Selera Meneer,4,Jawa,75000,"Gandaria, Jakarta",1
Bersahaja.id,2.2,"Kopi, Indonesia",75000,"Pondok Indah, Jakarta",1
Homepage,4,"Kopi, Tea, Desserts",75000,"Setiabudi, Jakarta",1
BRUNO Kafe in the Park,2.1,"Kopi, Barat",75000,"Pasar Minggu, Jakarta",1
Sam's Strawberry Corner,3.9,"Bakmi, Jus, Indonesia",75000,"Dharmawangsa, Jakarta",1
KOPIKOBOY,3.1,"Indonesia, Barat",75000,"Pondok Indah, Jakarta",1
Bentala Coffee & Eatery,3.9,"Asia, Roti, Kafe, Desserts, Barat",75000,"Bintaro, Jakarta",1
Ikan Bakar Manado,3.7,Manado,75000,"Lebak Bulus, Jakarta",1
Kebun Ide,3.7,Ice Cream,75000,"M Bloc Space, Senopati, Jakarta",1
Ayam Goreng Suharti,3.5,Jawa,75000,"Cilandak, Jakarta",1
Dapur Javara by Javara Culture,3.9,"Indonesia, Jawa, Makanan Sehat Food, Kopi",75000,"Kemang, Jakarta",1
Kopikir! Coffee & TV,3.1,"Kafe, Kopi",75000,"Kemang, Jakarta",1
Pecel Pincuk Godong Ijo,3.7,Jawa,75000,"Bintaro, Jakarta",1
G'litik Indonesia Eatery,3.5,Indonesia,75000,"Senopati, Jakarta",1
Maem,2.5,"Indonesia, Makanan Jalanan",75000,"Cilandak, Jakarta",1
Plante Coffee and Plants,3.4,"Kafe, Kopi, Desserts",75000,"Pondok Indah, Jakarta",1
Kedai Disto,2.9,Seafood,75000,"Fatmawati, Jakarta",1
Lawless Burgerbar,4.7,Burger,75000,"Kemang, Jakarta",1
Gordi HQ,4.3,Kopi,75000,"Cilandak, Jakarta",1
Fillmore Coffee,4.4,Kafe,75000,"Setiabudi, Jakarta",1
Warung Pasta,4,"Asia, Itali",75000,"Kemang, Jakarta",1
Fish Streat,4.2,"Seafood, Barat",75000,"Pondok Indah, Jakarta",1
Smarapura,4.3,"Bali, Indonesia",75000,"Tebet, Jakarta",1
Ciknic Roast Chicken,4.5,Barat,75000,"Ruko Dharmawangsa Square, Dharmawangsa, Jakarta",1
Akasya Express,4.5,"Jawa, Indonesia",75000,"Kemang, Jakarta",1
Martabak Boss,3.6,"Martabak, Makanan Jalanan",75000,"Tebet, Jakarta",1
Popmeat Warung Steak,3.4,Grill,75000,"Tebet, Jakarta",1
Opiopio Kafe & Lounge,4,"Asia, Kafe, Barat",75000,"Pondok Indah, Jakarta",1
Selow The Barbekyu Artisans,4.1,"Asia, Barbekyu",75000,"Lebak Bulus, Jakarta",1
Kopi Kitchen,3.6,Kafe,75000,"Kemang Village, Kemang, Jakarta",1
Mood Wellness Studio and Kitchen,3.8,"Kafe, Barat, Makanan Sehat Food",75000,"Kemang, Jakarta",1
Lokal Deli Coffee and Cakes,3.7,"Kafe, Desserts",75000,"Como Park, Kemang, Jakarta",1
Sallo Innyan Restaurant,3.6,"Seafood, Beverages, Kalimantan",75000,"Tebet, Jakarta",1
Belly Bandit,3.9,"Amerika, Burger",75000,"Bintaro, Jakarta",1
Kiasan Coffee,3.3,"Barat, Kafe, Kopi",75000,"Kemang, Jakarta",1
BarBurger,3.8,"Burger, Barat",75000,"Ampera Garden, Cilandak, Jakarta",1
Raja's Coffee,3.5,"Kopi, Indonesia, Barat",75000,"Menara Bidakara, Gatot Subroto, Jakarta",1
Bean Me Up,3.8,"Barat, Indonesia, Kopi",75000,"Equity Tower, SCBD, Jakarta",1
Canary Coffee Shop - Aston Priority Simatupang,3.5,Kopi,75000,"Aston Priority Simatupang, Cilandak, Jakarta",1
Netijen Kafe,3.3,Kafe,75000,"Jagakarsa, Jakarta",1
Jack/Rose,4.6,"Kafe, Kopi",75000,"Dharmawangsa, Jakarta",1
Busy Beans,2.9,"Kopi, Camilan, Indonesia",75000,"Dharmawangsa, Jakarta",1
Johnny Rockets,3.1,"Burger, Amerika",80000,"Sahid Sudirman Center, Sudirman, Jakarta",1
Maxx Corner,3.9,"Kopi, Tea, Itali, Barat",80000,"Plaza Semanggi, Sudirman, Jakarta",1
Chatter Box,3.9,"Peranakan, Chinese, Barat",80000,"Plaza Senayan, Senayan, Jakarta",1
Monocle Coffee,4.1,"Kopi, Makanan Sehat, Barat, Asia",80000,"Senayan, Jakarta",1
Restoran Sederhana,3.3,"Padang, Indonesia",80000,"Senayan, Jakarta",1
Stack,3.2,Barat,80000,"Senopati, Jakarta",1
7 Speed Coffee,4.3,"Kopi, Itali, Desserts",80000,"Kemang, Jakarta",1
3K Coffee,4.3,Kafe,80000,"Kemang, Jakarta",1
You Coffee and Resto,4.3,"Kopi, Indonesia, Barat",80000,"Jagakarsa, Jakarta",1
Kopi Boutique,4.1,"Kopi, Camilan",80000,"Fatmawati, Jakarta",1
Oeang Restaurant Roastery and Bar,3.6,"Asia, Barat, Kopi",80000,"M Bloc Space, Senopati, Jakarta",1
Titik Temu Coffee,3.8,"Kopi, Desserts",80000,"M Bloc Space, Senopati, Jakarta",1
Domino's Pizza,3.6,"Pizza, Fast Food",80000,"Kemang, Jakarta",1
Pandaloka,3.7,"Chinese, Fast Food",80000,"Menara BTPN, Kuningan, Jakarta",1
Minimal Coffee and Space,3.8,"Kopi, Tea, Asia",80000,"Kemang, Jakarta",1
Kopi Buntu,3.5,Kafe,80000,"Tebet, Jakarta",1
Kaca Coffee & Eatery,3.9,"Kopi, Indonesia",85000,"Bendungan Hilir, Jakarta",1
Kopi Nalar,4.4,"Kopi, Barat",85000,"Senopati, Jakarta",1
Waroeng Solo,4.1,Jawa,85000,"Joglo @ Kemang, CIlandak, Jakarta",1
Mang Kabayan,3.9,Sunda,85000,"Bintaro, Jakarta",1
Lembur Kuring Bibet,3.6,"Seafood, Camilan, Sunda",85000,"Cilandak, Jakarta",1
Warung MJS,4.5,"Jawa, Indonesia",85000,"Setiabudi, Jakarta",1
Eighty-Eight Workspace,2.5,"Asia, Barat",85000,"Fatmawati, Jakarta",1
Nom Nom Nom,4.3,"Kafe, Barat, Asia",85000,"Bona Indah Business Center, Lebak Bulus, Jakarta",1
ShishaBar Kemang,4,"Makanan Jalanan, Indonesia",85000,"Kemang, Jakarta",1
Kedai H. Asari,3.8,"Betawi, Jawa, Soto",85000,"Jagakarsa, Jakarta",1
Carl's Jr.,3.3,"Burger, Makanan Cepat Saji",90000,"Plaza Senayan, Senayan, Jakarta",1
Negiya Express,4.3,Jepang,90000,"Citywalk Sudirman, Sudirman, Jakarta",1
Ikkudo Ichi,4.2,"Ramen, Jepang",90000,"Pacific Place, SCBD, Jakarta",1
Little India Restaurant,3.6,India,90000,"Citywalk Sudirman, Sudirman, Jakarta",1
Doma Dona Coffee,4.2,"Kopi, Asia, Itali, Barat",90000,"Dharmawangsa, Jakarta",1
Yamalu,4.2,"Kopi, Tea, Itali, Desserts",90000,"Bintaro, Jakarta",1
Up All Might,3.7,"Kopi, Barat",90000,"Kemang, Jakarta",1
Nona Manis,4,"Jawa, Indonesia, Barat",90000,"Kemang Village, Kemang, Jakarta",1
Antasore,3.6,Jepang,90000,"Fatmawati, Jakarta",1
Alenia Papua Coffee & Kitchen,4,"Kopi, Indonesia",90000,"Kemang, Jakarta",1
Dapur Solo,3.9,Jawa,90000,"Dharmawangsa, Jakarta",1
Salapan Noodle,3.7,"Indonesia, Bakmi",90000,"Fatmawati, Jakarta",1
Frescoristo,3.9,"Itali, Kafe",95000,"Pondok Indah, Jakarta",1
Restoran Beautika Manado,4.5,"Manado, Indonesia",100000,"Senayan, Jakarta",1
Abura Soba Yamatoten,4.3,Jepang,100000,"Senayan City, Senayan, Jakarta",1
Taichan,4.2,"Jepang, Sushi",100000,"Plaza Senayan, Senayan, Jakarta",1
Papa Ron's Pizza,3.7,"Pizza, Itali",100000,"Senayan, Jakarta",1
The People's Kafe,3.9,"Itali, Indonesia, Tea, Kopi",100000,"Senayan City, Senayan, Jakarta",1
O' Coffee Club,3,"Indonesia, Barat, Cemilan",100000,"Plaza Senayan, Senayan, Jakarta",1
SO PHO Vietnamese Kafe,2.8,Vietnam,100000,"Plaza Senayan, Senayan, Jakarta",1
Tamani Express,3.3,"Jawa, Indonesia, Barat",100000,"Plaza Senayan, Senayan, Jakarta",1
Ta Wan,3.8,Chinese,100000,"Plaza Senayan, Senayan, Jakarta",1
Mr. Bitsy,3.6,Asia,100000,"Fairgrounds, SCBD, Jakarta",1
Wee Nam Kee,4.2,Chinese,100000,"Pacific Place, SCBD, Jakarta",1
Ristorante Misticanza,2.9,"Pizza, Itali, Asia",100000,"Sudirman, Jakarta",1
Restaurant Sarang Oci,3,"Manado, Indonesia",100000,"Sudirman, Jakarta",1
Jade Kitchen,3.9,"Chinese, Dimsum",100000,"Pacific Place, SCBD, Jakarta",1
The Halal Guys,4,Timur Tengah,100000,"Senayan City, Senayan, Jakarta",1
Zenbu,4.1,"Sushi, Ramen, Jepang",100000,"Senayan City, Senayan, Jakarta",1
Pepper Lunch,4,Jepang,100000,"Plaza Senayan, Senayan, Jakarta",1
Blacklisted,4,"Kopi, Tea, Itali, Desserts",100000,"Rukan Permata Senayan, Senayan, Jakarta",1
Sedjuk Bakmi & Kopi,4.2,"Bakmi, Kopi",100000,"SCBD, Jakarta",1
Kimukatsu,4.4,Jepang,100000,"Pacific Place, SCBD, Jakarta",1
Liberta,3.9,Itali,100000,"Apartemen Pavilion, Sudirman, Jakarta",1
Giggle Box Kafe & Resto,3.9,"Indonesia, Barat",100000,"Plaza Semanggi, Sudirman, Jakarta",1
Fukumimi,4,"Jepang, Sushi",100000,"Citywalk Sudirman, Sudirman, Jakarta",1
Mujigae,4,Korea,100000,"fX Sudirman, Sudirman, Jakarta",1
Dapoer Aceh Melayu,3.8,"Indonesia, Peranakan, Aceh",100000,"Plaza Sentral, Sudirman, Jakarta",1
Restongalam,3.4,"Jawa, Sunda",100000,"fX Sudirman, Sudirman, Jakarta",1
Udonku,3.6,Jepang,100000,"Mid Plaza 1, Sudirman, Jakarta",1
Siam Square,3.3,Thai,100000,"IDX, SCBD, Jakarta",1
Hakata Ikkousha,4.4,"Jepang, Ramen",100000,"Senayan City, Senayan, Jakarta",1
Fit Gourmet Express,3.5,"Makanan Sehat, Fusion",100000,"Senayan, Jakarta",1
Yokunatta,3,"Jepang, Sushi",100000,"Rukan Permata Senayan, Senayan, Jakarta",1
Kyochon,4.1,Korea,100000,"Pacific Place, SCBD, Jakarta",1
Limu Poke,4,Makanan Sehat,100000,"Pacific Place, SCBD, Jakarta",1
Koiki Japanese Eatery,4,Jepang,100000,"SCBD, Jakarta",1
Taliwang Bali,4,"Bali, Lombok, Indonesia",100000,"Pacific Place, SCBD, Jakarta",1
Marco by Chef Marco Lim,3.9,Padang,100000,"Pacific Place, SCBD, Jakarta",1
Ichiban Sushi,3.1,"Sushi, Ramen, Jepang",100000,"fX Sudirman, Sudirman, Jakarta",1
Madam Sichuan,3.4,Chinese,100000,"Citywalk Sudirman, Sudirman, Jakarta",1
Platinum,2.7,"Barat, Indonesia",100000,"Plaza Semanggi, Sudirman, Jakarta",1
Bakmi Berdikari,4.1,"Bakmi, Chinese, Indonesia",100000,"Tebet, Jakarta",1
Antipodean,4.2,"Kopi, Barat, Asia",100000,"Hero Kemang, Kemang, Jakarta",1
Manse Korea Grill,3.7,"Korea, Grill",100000,"Tebet, Jakarta",1
Convivium Kafe Deli,4.2,"Barat, Desserts",100000,"Dharmawangsa, Jakarta",1
Jag's Kitchen,4.4,"Barat, Asia",100000,"Jagakarsa, Jakarta",1
Eatz,4.1,"Arabian, India, Mediterranean, Timur Tengah",100000,"Pondok Indah, Jakarta",1
TRS,3.9,"Asia, Eropa, Barat",100000,"Cilandak Town Square, Fatmawati, Jakarta",1
TanSu,3.7,Indonesia,100000,"Fatmawati, Jakarta",1
Bakoel Bebek,4,"Jawa, Indonesia",100000,"Mampang Prapatan, Jakarta",1
Segoan The Dancing Rice,3.9,"Jawa, Indonesia",100000,"Blok M, Jakarta",1
Mandaga' Canteen,3.9,"Jawa, Padang, Betawi, Indonesia",100000,"Grand Wijaya Center, Dharmawangsa, Jakarta",1
Nampan Bistro,3.8,"Itali, Asia, Barat",100000,"Pasar Minggu, Jakarta",1
Sakabe Buffet,3.9,"Jepang, Grill",100000,"Tebet, Jakarta",1
Do An,3.7,Vietnam,100000,"Epicentrum Walk, Kuningan, Jakarta",1
Tamarind & Lime,3.9,Asia,100000,"Senopati, Jakarta",1
90 Bun Barbekyu House AYCE,3.8,Barbekyu,100000,"Pasar Minggu, Jakarta",1
Wyl's Kitchen - Veranda Hotel At Pakubuwono,4.2,Indonesia,100000,"Veranda Hotel At Pakubuwono, Gandaria, Jakarta",1
Piknik - Arif Inn,4.3,Barat,100000,"Lebak Bulus, Jakarta",1
Egghotel,4,"Asia, Australian, Barat, Kafe",100000,"Setiabudi, Jakarta",1
D'Crystal Terrace,3.2,"Barat, Asia",100000,"Plaza Oleos, Cilandak, Jakarta",1
Balakenam Dapoer Rakjat,3.8,Indonesia,100000,"Tebet, Jakarta",1
Papoea by Nature,3.8,Indonesia,100000,"Blok M, Jakarta",1
ORO Italian Restaurant & Lounge,3.5,"Itali, Amerika, Arabian, Asia, Australian, Desserts, Beverages",100000,"Kemang, Jakarta",1
Oh My Grill,3.8,"Jepang, Barbekyu",100000,"Kemang, Jakarta",1
Te Ti Ba Coffeebar,3.3,Kopi,100000,"Melawai, Jakarta",1
7AM Coffee,3.8,"Kopi, Barat, Indonesia",100000,"Fatmawati, Jakarta",1
Anomali Coffee,2.8,"Kopi, Indonesia, Barat",100000,"Pondok Indah Plaza 6, Pondok Indah, Jakarta",1
Thirsty & Hungry,3.9,"Burger, Barat",100000,"Kemang, Jakarta",1
Omah Pawon,3.1,Jawa,100000,"Cilandak, Jakarta",1
Sophie Authentique,4.2,"French, Kopi, Desserts, Roti",100000,"Fatmawati, Jakarta",1
Taco Local,4.2,Mexican,100000,"Pelaspas Dharmawangsa, Dharmawangsa, Jakarta",1
SRSLY Coffee,4.3,"Kopi, Barat, Itali, Asia",100000,"Fatmawati, Jakarta",1
Dim Sum Inc.,3.9,"Dimsum, Chinese",100000,"Plaza Festival, Kuningan, Jakarta",1
Kamakura Japanese Kafe,4.1,"Kafe, Jepang, Desserts, Barat",100000,"Fatmawati, Jakarta",1
Teratai Restaurant - GP Mega Kuningan Hotel,2.5,"Indonesia, Barat, Eropa",100000,"Best Western Hotel, Kuningan, Jakarta",1
Dea Kafe,3.6,"Barat, Indonesia",100000,"Menara Dea, Kuningan, Jakarta",1
Race2Run Kafe,2.9,"Asia, Barat",100000,"Gatot Subroto, Jakarta",1
Bueno Nasio,3.7,Indonesia,100000,"Menara BTPN, Kuningan, Jakarta",1
Ruma Coffeeatery,3.9,"Indonesia, Kopi",100000,"Senopati, Jakarta",1
Caffe Bene,3.7,"Kafe, Desserts, Kopi, Tea",100000,"Menara Rajawali, Kuningan, Jakarta",1
Kambing Bakar Cairo,4.1,Timur Tengah,100000,"Melawai, Jakarta",1
Playaround Coffee & Kitchen,3.9,"Kafe, Kopi, Indonesia",100000,"Bintaro, Jakarta",1
PappaRich,3.5,Malaysia,100000,"Kemang Village, Kemang, Jakarta",1
Raa Cha,3.9,"Thai, Barbekyu",100000,"Pejaten Village, Pasar Minggu, Jakarta",1
Wangja,3.5,Korea,100000,"Tebet, Jakarta",1
Warung Tekko,2.8,Indonesia,100000,"Plaza Festival, Kuningan, Jakarta",1
WE I Eatery & Drinkery,3.2,Jepang,100000,"South Quarter, Lebak Bulus, Jakarta",1
Toodz House,3.7,"Kopi, Itali, Asia",100000,"Lebak Bulus, Jakarta",1
Trafique Coffee,4.3,Kafe,105000,"Senayan, Jakarta",2
Colette & Lola,4.5,"Desserts, Itali, Barat",105000,"Senopati, Jakarta",2
Apero,3.2,"Itali, Barat",110000,"Citywalk Sudirman, Sudirman, Jakarta",2
The Real Holysteak!,3.9,"Steak, Grill House",110000,"Senayan City, Senayan, Jakarta",2
Thai Street,4.1,Thai,110000,"Plaza Senayan, Senayan, Jakarta",2
Gunung Mas,3.3,"Chinese, Indonesia",110000,"Energy Building, SCBD, Jakarta",2
HONU PokÃ© & Matcha Bar,4.7,"Jepang, Tea, Beverages, Makanan Sehat Food",110000,"Kemang, Jakarta",2
Daging Laut,2.1,"Grill, Seafood",110000,"Fatmawati, Jakarta",2
Excelso,3.2,"Kopi, Amerika, Indonesia",115000,"Senayan City, Senayan, Jakarta",2
Pho 24,3.3,Vietnam,115000,"Senayan City, Senayan, Jakarta",2
Bari-Uma Ramen,4.3,"Ramen, Jepang",115000,"Citywalk Sudirman, Sudirman, Jakarta",2
Warung Leko,3.3,"Jawa, Indonesia",115000,"Citywalk Sudirman, Sudirman, Jakarta",2
Tokyo Skipjack,4.3,"Jepang, Steak",120000,"Blok M, Jakarta",2
Haikara Sushi,3.8,"Jepang, Sushi, Ramen",120000,"Melawai, Jakarta",2
BAE,4.1,"Asia, Barat, Cemilan",125000,"Senayan City, Senayan, Jakarta",2
Commond Grounds,3.6,"Kopi, Barat, Itali, Asia",125000,"Senayan City, Senayan, Jakarta",2
Lekker Djakarta,3.3,"Indonesia, Kopi, Tea",125000,"Senayan, Jakarta",2
Yongdaeri Korea Barbekyu,4.3,"Barbekyu, Korea, Grill House",125000,"SCBD, Jakarta",2
Tori Ya,3.4,Jepang,125000,"Fairgrounds, SCBD, Jakarta",2
miu Ishinabe,3.9,Jepang,125000,"Summitmas Tower, SCBD, Jakarta",2
Batik Kuring,3.3,"Seafood, Indonesia",125000,"SCBD, Jakarta",2
Kin No Taki,2.9,"Jepang, Ramen, Sushi",125000,"Plaza Semanggi, Sudirman, Jakarta",2
Pizza Hut,3.3,"Pizza, Amerika",125000,"Bendungan Hilir, Jakarta",2
Fish & Chips Threehouse,3.8,Barat,125000,"Bendungan Hilir, Jakarta",2
Genki Sushi,3.1,"Jepang, Sushi",125000,"Plaza Senayan, Senayan, Jakarta",2
SaladStop!,4.5,Makanan Sehat,125000,"Senayan City, Senayan, Jakarta",2
Osaka Ohsho,4.1,Jepang,125000,"Plaza Senayan, Senayan, Jakarta",2
Penang Bistro,4.3,"Peranakan, Malaysia",125000,"Senayan, Jakarta",2
Nudles,3.7,Asia,125000,"Senayan City, Senayan, Jakarta",2
Restoran Pulau Dua,3.3,"Seafood, Chinese",125000,"Senayan, Jakarta",2
Pesto Autentico,3.8,"Itali, Barat",125000,"Senayan City, Senayan, Jakarta",2
Ootoya,3.3,"Jepang, Sushi",125000,"Senayan City, Senayan, Jakarta",2
Gopek House,2.5,"Peranakan, Indonesia",125000,"Senayan, Jakarta",2
Mottomoo,4.3,Jepang,125000,"Pacific Place, SCBD, Jakarta",2
Ippudo,4.5,"Jepang, Ramen",125000,"Pacific Place, SCBD, Jakarta",2
Go! Curry,4,"Thai, Jepang, India",125000,"Pacific Place, SCBD, Jakarta",2
Seia,4,Indonesia,125000,"Sudirman, Jakarta",2
Busaba A Thai Kafe,4,Thai,125000,"Pacific Place, SCBD, Jakarta",2
Hakata N Izakaya Gyo Gyo Gyo,3.9,Jepang,125000,"Sudirman, Jakarta",2
Noodle King,4,Korea,125000,"Blossoms Building, SCBD, Jakarta",2
Bunga Rempah,3.3,Indonesia,125000,"Bendungan Hilir, Jakarta",2
Marutama Ra-men,4.7,"Ramen, Jepang",125000,"Sentral Senayan 1, Senayan, Jakarta",2
Bakerzin,4.2,"Barat, Itali, Kue & Roti",125000,"Plaza Senayan, Senayan, Jakarta",2
The Pancake Co. By Dore,4.1,Jepang,125000,"Plaza Senayan, Senayan, Jakarta",2
Denny's,3.5,"Amerika, Kopi",125000,"Senayan City, Senayan, Jakarta",2
Jittlada Restaurant,4.2,Thai,125000,"Senayan City, Senayan, Jakarta",2
Dapoer Podjok,2.6,"Jawa, Sunda",125000,"Senayan City, Senayan, Jakarta",2
Ganesha Ek Sanskriti,4.5,"India Utara, India Selatan, India",125000,"Gedung BRI - Center Park, Bendungan Hilir, Jakarta",2
Meatman Nikuo,4.2,Jepang,125000,"Summitmas Tower, SCBD, Jakarta",2
Burgreens,4.4,"Makanan Sehat, Barat, Indonesia",125000,"Pacific Place, SCBD, Jakarta",2
Upstairs Rooftop Kafe,3.9,"Indonesia, Barat",125000,"Bendungan Hilir, Jakarta",2
Tanamera Coffee Roastery,4.1,"Kopi, Asia, Barat",125000,"Pacific Place, SCBD, Jakarta",2
Fedwell,4.2,Makanan Sehat,125000,"Citywalk Sudirman, Sudirman, Jakarta",2
Imperial Kitchen & Dimsum,3.9,"Dimsum, Chinese",125000,"Citywalk Sudirman, Sudirman, Jakarta",2
Yesuljib Korea Kitchen and Bar,3.7,Korea,125000,"SCBD, Jakarta",2
Echigoya Ramen,3.8,"Ramen, Jepang",125000,"Citywalk Sudirman, Sudirman, Jakarta",2
MOS Kafe,3.8,"Burger, Jepang",125000,"Summitmas Tower, SCBD, Jakarta",2
Grains Of Glory,3.7,"Makanan Sehat, Kopi, Barat",125000,"World Trade Center 5, Sudirman, Jakarta",2
HARRIS Kafe - Harris Suites fX Sudirman,3.6,"Indonesia, Barat",125000,"fX Sudirman, Sudirman, Jakarta",2
Hatchi,4,Asia,125000,"Pondok Indah Plaza 2, Pondok indah, Jakarta",2
Rooftop at Bulungan,3.8,"Barat, Indonesia",125000,"Blok M, Jakarta",2
LOF Kitchen and Plants,4.4,"Barat, Itali, Indonesia",125000,"Fatmawati, Jakarta",2
Cyclo Coffee,3.7,"Kopi, Tea, Barat, Itali",125000,"Crumble Crew, Senopati, Jakarta",2
Cazbar,3.7,"Barat, Asia",125000,"Menara Anugrah, Kuningan, Jakarta",2
Star Dimsum,3.7,Chinese,125000,"Mitra Terrace, Gatot Subroto, Jakarta",2
Sky Garden Kafe,4.2,"Asia, Barat",125000,"Setiabudi, Jakarta",2
Gerilya Coffee & Roastery,4.2,"Kopi, Barat, Itali, Asia",125000,"Fatmawati, Jakarta",2
2madison Eatery,4.1,"Barat, Kafe",125000,"Kemang, Jakarta",2
Andakar,4.1,"Steak, Grill",125000,"Cilandak, Jakarta",2
The Kyfie Kitchen,2.9,"Itali, Pizza",125000,"Tebet, Jakarta",2
Sir Loin,-,Steak,125000,"Blok M, Jakarta",2
Pondok Sedap Malam,2.5,Seafood,125000,"Senopati, Jakarta",2
Crematology Coffee Roasters,4.2,"Kopi, Itali, Barat, Desserts",125000,"Senopati, Jakarta",2
The Fifth,3.4,"Asia, Eropa",125000,"Kemang, Jakarta",2
Kyuri,4.1,"Jepang, Makanan Sehat Food, Beverages",125000,"Senopati, Jakarta",2
Kerang Kiloan Cipete,4,Seafood,125000,"Fatmawati, Jakarta",2
Sakura Tei,4.1,"Jepang, Barbekyu",125000,"Gedung Kamome, Melawai, Jakarta",2
Social Corner Steakhouse,3.8,Steak,125000,"Bintaro, Jakarta",2
Bros Burgers & Beers,3.7,Burger,125000,"Kemang, Jakarta",2
Coco Ichibanya Curry,4.1,Jepang,130000,"Plaza Senayan, Senayan, Jakarta",2
Soeryo Kafe & Steak,4.4,"Itali, Asia, Steak",135000,"Pasar Minggu, Jakarta",2
Gubug Makan Mang Engking,4.1,"Seafood, Sunda",135000,"Universitas Indonesia, Beji, Jakarta",2
Lewis & Carroll Tea,4.2,"Kafe, Tea, Kopi, Barat",140000,"Senayan City, Senayan, Jakarta",2
Pizza Marzano,4.3,"Pizza, Itali",140000,"Senayan City, Senayan, Jakarta",2
monViet,4,Vietnam,140000,"fX Sudirman, Sudirman, Jakarta",2
Palmier,4.1,"Jepang, Indonesia",140000,"Plaza Senayan, Senayan, Jakarta",2
I - ta Suki,2.2,Jepang,140000,"Senayan City, Senayan, Jakarta",2
Leaf Connoisseur by Tea Et Al,3.4,"Barat, Kafe",140000,"Pacific Place, SCBD, Jakarta",2
Nishi Azabu Yukashi,3.2,Jepang,140000,"Ratu Plaza, Sudirman, Jakarta",2
Sushi Tei,4.4,Jepang,140000,"Senayan City, Senayan, Jakarta",2
Sate Khas Senayan,3.1,"Satay, Indonesia",140000,"Senayan, Jakarta",2
Larazeta Restaurant & Gallery,4,"Arabian, Timur Tengah",140000,"Tebet, Jakarta",2
Kafe Thirty Three by Mirasari,4.1,"Kopi, Itali, Barat, Indonesia",140000,"Kemang, Jakarta",2
Remboelan,4.4,Indonesia,150000,"Plaza Senayan, Senayan, Jakarta",2
Kamadoya Nizaemon - Century Park Hotel,4.1,Jepang,150000,"Century Park Hotel, Senayan, Jakarta",2
Prohibition Chophouse & Speakeasy Bar,4.5,"Amerika, Asia",150000,"Plaza Senayan Arcadia, Senayan, Jakarta",2
Zhuma,4.2,"Jepang, Sushi, Ramen",150000,"Senayan City, Senayan, Jakarta",2
The Duck King,4.2,Chinese,150000,"Senayan City, Senayan, Jakarta",2
Han Gang,3.8,Korea,150000,"Senayan City, Senayan, Jakarta",2
Kafe Du Jour,3.2,"Perancis, Barat",150000,"The MAJ Senayan, Senayan, Jakarta",2
Fogo,4.2,"Barbekyu, Amerika Latin",150000,"Intiland Tower, Sudirman, Jakarta",2
Beer Garden,4.1,"Itali, Barat",150000,"SCBD, Jakarta",2
Tontoki,4.5,Jepang,150000,"Mid Plaza 1, Sudirman, Jakarta",2
Mr. Park,4.2,Korea,150000,"SCBD, Jakarta",2
NAKA NAKAYA,4.7,"Jepang, Sushi",150000,"STC Senayan, Senayan, Jakarta",2
Putu Made,4.3,Bali,150000,"Senayan City, Senayan, Jakarta",2
Hoshino Coffee,3.9,"Kafe, Kopi",150000,"Senayan City, Senayan, Jakarta",2
The Terrace,3.5,"Asia, Grill House",150000,"Senayan National Golf Club, Senayan, Jakarta",2
Kafe De Burse,4.1,"Barat, Itali",150000,"Equity Tower, SCBD, Jakarta",2
Little Sheep Hot Pot Mongolian Restaurant,41,"Mongolia, Chinese",150000,"Gedung BRI - Center Park, Bendungan Hilir, Jakarta",2
Kushimusubi Sachi,3.9,Jepang,150000,"Citywalk Sudirman, Sudirman, Jakarta",2
Sop Buntut Bogor,4.1,"Jawa, Indonesia",150000,"Pacific Place, SCBD, Jakarta",2
Pand'or,4,"Jepang, Perancis, Itali, Kue & Roti",150000,"Energy Building, SCBD, Jakarta",2
Yakiniku One,3.4,Jepang,150000,"Fairgrounds, SCBD, Jakarta",2
Bebek Tepi Sawah,3.5,"Bali, Indonesia, Seafood",150000,"Citywalk Sudirman, Sudirman, Jakarta",2
Plan B,4.3,Spanyol,150000,"Rukan Permata Senayan, Senayan, Jakarta",2
Kushi-Yaki Umena-Dori,4.2,Jepang,150000,"Sentral Senayan 1, Senayan, Jakarta",2
Tesate,4.1,"Satay, Indonesia",150000,"Plaza Senayan, Senayan, Jakarta",2
Kafe Betawi,2.2,"Betawi, Soto",150000,"Senayan City, Senayan, Jakarta",2
Tom Tom,4.4,Thai,150000,"Pacific Place, SCBD, Jakarta",2
Thai Alley,4.1,Thai,150000,"Pacific Place, SCBD, Jakarta",2
Kinokawa,4,"Jepang, Sushi",150000,"Fairgrounds, SCBD, Jakarta",2
Fook Yew,3.9,"Chinese, Bubble Tea, Minuman",150000,"Pacific Place, SCBD, Jakarta",2
Dubu Jib,3.7,Korea,150000,"Citywalk Sudirman, Sudirman, Jakarta",2
Planta Kitchen,3.8,"Indonesia, Mediterania",150000,"Sudirman, Jakarta",2
Peach Garden,2.8,Chinese,150000,"MRCCC Siloam Hospital, Sudirman, Jakarta",2
Sumibi Japanese Restaurant,4,Jepang,150000,"Gandaria, Jakarta",2
Lobbyn Sky Terrace - Liberta Hotel,3.7,"Indonesia, Itali, Barat",150000,"Kemang, Jakarta",2
Cut The Crab,4.2,Seafood,150000,"Senopati, Jakarta",2
Stark Taproom,3.9,Dimsum,150000,"SCBD, Jakarta",2
Swiss Kafe - Swiss-Belhotel Pondok Indah,3.8,"Jepang, Barat",150000,"Swiss-Belhotel Pondok Indah, Pondok Indah, Jakarta",2
Cortado Coffee Bar,3.6,"Kafe, Itali, Indonesia, Kopi, Tea",150000,"Blok M, Jakarta",2
Brew & Co,3.5,"Indonesia, Kopi, Itali, Barat",150000,"Cilandak Town Square, Fatmawati, Jakarta",2
FJ Grill,3.7,"Grill, Korea, Jepang",150000,"Kemang Village, Kemang, Jakarta",2
Rooftop Bar Kuretake - Hotel Kuretakeso,3.7,"Jepang, Beverages",150000,"Kemang, Jakarta",2
Cutt & Grill,4.3,"Grill, Burger, Steak, Kebab",150000,"Tebet, Jakarta",2
Koi Kemang,4.3,"Asia, Grill, Itali",150000,"Kemang, Jakarta",2
Soulfood,4.2,"Indonesia, Barat",150000,"Senopati, Jakarta",2
Saigon Kafe,4.1,"Vietnam, Makanan Sehat Food",150000,"Gran Rubina Business Park, Kuningan, Jakarta",2
Bambaiya Kafe,4.1,India,150000,"South Quarter, Lebak Bulus, Jakarta",2
Koh E-Noor,4,"India Utara, India",150000,"Plaza Festival, Kuningan, Jakarta",2
Kafe One,3.6,"Asia, Barat",150000,"Wyndham Casablanca Jakarta, Tebet, Jakarta",2
Savannah Bistro,3.9,"Kopi, Asia, Barat",150000,"Blok M, Jakarta",2
Delico,2.9,"Barat, Asia, Itali, Roti",150000,"Summitmas Tower, SCBD, Jakarta",2
Eastern Promise,4,"India Utara, India, Barat",150000,"Kemang, Jakarta",2
Cerita Rasa Restaurant,3.8,Indonesia,150000,"Cilandak, Jakarta",2
Fish & Co.,4.3,"Seafood, Mediterania",165000,"Pacific Place, SCBD, Jakarta",2
Haagen Dazs,4.1,"Desserts, Ice Cream",165000,"Plaza Senayan, Senayan, Jakarta",2
Katsutoku,4.8,Jepang,175000,"Sentral Senayan 1, Senayan, Jakarta",2
Kokonut & Curtains,4.3,"Kafe, Barat, Indonesia",175000,"Senayan, Jakarta",2
Yakiniku Esina Garden,4.2,"Jepang, Korea",175000,"Plaza Senayan, Senayan, Jakarta",2
Devon Kafe,4.1,"Kafe, Kopi, Barat",175000,"Senayan City, Senayan, Jakarta",2
Chandara,4.2,Thai,175000,"Plaza Senayan, Senayan, Jakarta",2
Roemah Rempah,4.1,"Jawa, Indonesia",175000,"Plaza Senayan, Senayan, Jakarta",2
Hokkaido Izakaya,4.2,"Jepang, Sushi",175000,"Pavilion Retail Arcade, Sudirman, Jakarta",2
PEPeNERO,4.3,Itali,175000,"Energy Building, SCBD, Jakarta",2
Caspar,4.1,"Spanyol, Minuman",175000,"Sudirman, Jakarta",2
MUCCA Steak,4.2,Steak,175000,"Citywalk Sudirman, Sudirman, Jakarta",2
Lobby Lounge - Shangri-La Hotel,3.7,"Barat, Desserts",175000,"Shangri-La Hotel, Jakarta, Sudirman, Jakarta",2
Acta Brasserie,4.1,"Barat, Asia, Grill House",175000,"The MAJ Senayan, Senayan, Jakarta",2
Sushi Sei,4.5,"Jepang, Sushi",175000,"Plaza Senayan, Senayan, Jakarta",2
Shu Guo Yin Xiang,3.7,Chinese,175000,"Senayan City, Senayan, Jakarta",2
Lagoon Lounge - The Sultan Hotel Jakarta,3.5,"Barat, Indonesia",175000,"The Sultan Hotel Jakarta, Senayan, Jakarta",2
CHAMBER,3.9,"Amerika, Asia",175000,"Pacific Place, SCBD, Jakarta",2
Liberica,3.9,"Kopi, Amerika, Indonesia, Desserts",175000,"Pacific Place, SCBD, Jakarta",2
Dimsum 48,3.1,Dimsum,175000,"SCBD, Jakarta",2
Kitchenette,4.1,"Itali, Asia, Barat",175000,"Senayan City, Senayan, Jakarta",2
Seroeni,4.1,"Malaysia, Chinese",175000,"Plaza Senayan, Senayan, Jakarta",2
Benedict,4.1,"Barat, Kopi, Tea",175000,"Pacific Place, SCBD, Jakarta",2
Coca Suki Restaurant,4,"Jepang, Thai",175000,"Gedung BRI - Center Park, Bendungan Hilir, Jakarta",2
Hanamasa,3.9,Jepang,175000,"Plaza Semanggi, Sudirman, Jakarta",2
La Boutique at BOCA - Le Meridien Hotel,3.9,"Kue & Roti, Desserts",175000,"Le Meridien Hotel, Sudirman, Jakarta",2
Loewy,4.3,Barat,175000,"Oakwood, Kuningan, Jakarta",2
ST. ALi,4,"Kopi, Australian",175000,"Setiabudi One, Setiabudi, Jakarta",2
The DEN of Kalaha,3.8,"Itali, Asia",175000,"Somerset Grand Citra, Karet, Jakarta",2
The Harvest Deli,4,"Desserts, Roti, Barat",175000,"Kota Kasablanka, Tebet, Jakarta",2
El Asador,4.2,"Amerika, Mexican, Spanish, Steak",175000,"Kemang, Jakarta",2
Kenjiro,4.2,Jepang,175000,"Senopati, Jakarta",2
D'Bollywood - India Restaurant & Bar,4.2,"India, India Utara",175000,"Plaza Festival, Kuningan, Jakarta",2
Beranda Kitchen,4.3,"Barat, Indonesia",175000,"Gandaria, Jakarta",2
Veranda - The Grove Suites,2.5,"Itali, Barat, Asia",175000,"The Grove Suites, Kuningan, Jakarta",2
Bebek Bengil,3.8,"Indonesia, Bali",175000,"Epicentrum Walk, Kuningan, Jakarta",2
JJ Royal Brasserie,4,"Burger, Asia",175000,"Lotte Shopping Avenue, Karet, Jakarta",2
Djournal House,4.1,"Kafe, Kopi, Itali, Barat",175000,"Senopati, Jakarta",2
Sixty Resto & Bar - Goodrich Suites Jakarta,3.6,"Asia, Steak, Itali",175000,"Fatmawati, Jakarta",2
Akar Restaurant And Bar,4,Indonesia,175000,"Senopati, Jakarta",2
Kafe Safari,3.4,Barat,175000,"Gandaria, Jakarta",2
Kaihomaru,4.1,"Sushi, Jepang",180000,"Citywalk Sudirman, Sudirman, Jakarta",2
The Goods Kafe,3.9,"Asia, Barat",190000,"Pacific Place, SCBD, Jakarta",2
Munchies Dine & Bar,3.7,"Eropa, Barat",190000,"Kota Kasablanka, Tebet, Jakarta",2
Classified,3.2,"Barat, Kafe",190000,"Kemang Village, Kemang, Jakarta",2
Monolog,4.3,"Kopi, Barat, Asia",200000,"Plaza Senayan, Senayan, Jakarta",2
TWG Tea Salon & Boutique,4.5,"Kafe, Desserts, Asia, Barat, Tea",200000,"Plaza Senayan, Senayan, Jakarta",2
de Luca,4.1,Itali,200000,"Plaza Senayan, Senayan, Jakarta",2
Pizza Kayu Api,3.3,"Pizza, Itali",200000,"The MAJ Senayan, Senayan, Jakarta",2
LAVVA,3.8,"Barat, Asia",200000,"Plaza Senayan, Senayan, Jakarta",2
Lagoon Kafe - The Sultan Hotel Jakarta,3.4,"Barat, Asia",200000,"The Sultan Hotel Jakarta, Senayan, Jakarta",2
Sake+,3.5,Jepang,200000,"Plaza Senayan Arcadia, Senayan, Jakarta",2
Le Burger,4.3,Burger,200000,"Alila Hotel, SCBD, Jakarta",2
The Grill,4.3,"Korea, Grill House, Barbekyu",200000,"Mid Plaza 2, Sudirman, Jakarta",2
Sushi Hiro,4.5,Jepang,200000,"Senayan City, Senayan, Jakarta",2
Pancious,4.3,"Barat, Desserts, Itali",200000,"Senayan City, Senayan, Jakarta",2
Paradise Dynasty,4.5,"Chinese, Dimsum",200000,"Plaza Senayan, Senayan, Jakarta",2
Holycow! Steak Hotel by Holycow!,3.1,Chinese,200000,"Plaza Senayan Arcadia, Senayan, Jakarta",2
Kembang Goela,4.4,"Betawi, Satay, Indonesia",200000,"Plaza Sentral, Sudirman, Jakarta",2
Jia - Shangri-La Hotel,4.3,"Chinese, Dimsum",200000,"Shangri-La Hotel, Jakarta, Sudirman, Jakarta",2
Kado - AYANA Midplaza JAKARTA,4.2,Jepang,200000,"AYANA Midplaza Jakarta, Sudirman, Jakarta",2
Holycow! Steak Hotel by Holycow!,3.6,Steak,200000,"Teras Benhil, Bendungan Hilir, Jakarta",2
Bengawan Solo Restaurant - Grand Sahid Jaya,3.1,Indonesia,200000,"Grand Sahid Jaya, Sudirman, Jakarta",2
American Grill,2.7,"Steak, Grill House, Amerika",200000,"Plaza Semanggi, Sudirman, Jakarta",2
Bijin Nabe,4.4,Jepang,200000,"Plaza Senayan, Senayan, Jakarta",2
Pippo,4,Itali,200000,"Senayan City, Senayan, Jakarta",2
Social Garden,4.2,Barat,200000,"Senayan City, Senayan, Jakarta",2
Eric Kayser Artisan Boulanger,4.3,"Barat, Kopi, Kue & Roti",200000,"Plaza Senayan, Senayan, Jakarta",2
Union Kafe,4.2,"Kafe, Amerika, Desserts",200000,"Senayan City, Senayan, Jakarta",2
Angus House,4.2,"Steak, Jepang",200000,"Plaza Senayan, Senayan, Jakarta",2
Katsura,3.9,"Jepang, Sushi",200000,"Plaza Senayan, Senayan, Jakarta",2
Kafe Victoria,3.8,"Barat, Asia",200000,"Plaza Senayan, Senayan, Jakarta",2
Nan Xiang - The Sultan Hotel Jakarta,3.8,Chinese,200000,"The Sultan Hotel Jakarta, Senayan, Jakarta",2
Odysseia,4,"Desserts, Eropa, Indonesia",200000,"Pacific Place, SCBD, Jakarta",2
La Posta - Taste Of Argentina,4.5,"Steak, Amerika Latin, Spanyol",200000,"Sudirman, Jakarta",2
Eight Treasures,4.2,"Chinese, Makanan Sehat, Seafood",200000,"Pacific Place, SCBD, Jakarta",2
Bushido - Grand Sahid Jaya,3.9,Jepang,200000,"Grand Sahid Jaya, Sudirman, Jakarta",2
Robot & Co,3.2,"Asia, Barat",200000,"Pacific Place, SCBD, Jakarta",2
NOUVELLE,3.6,"Asia, Eropa",200000,"Equity Tower, SCBD, Jakarta",2
Patio Venue,4.1,"Asia, Pizza",200000,"Dharmawangsa, Jakarta",2
Lokananta,3.8,Steak,200000,"Dharmawangsa, Jakarta",2
Backyard Kitchen & Grill,3.7,"Barat, Kopi",200000,"Cilandak, Jakarta",2
Riva Grill Bar & Terrace,3.7,"Barat, Makanan Sehat Food",200000,"Wyndham Casablanca Jakarta, Tebet, Jakarta",2
HARRIS Kafe - HARRIS Hotel Tebet,3.8,"Indonesia, Amerika, Eropa",200000,"HARRIS Hotel, Tebet, Jakarta",2
Liquid Exchange,3.6,"Amerika, Eropa, Indonesia, Chinese",200000,"Epicentrum Walk, Kuningan, Jakarta",2
Roosevelt,4,Barat,200000,"Fatmawati, Jakarta",2
Seribu Rasa,4.2,"Seafood, Jawa, Indonesia, Peranakan",200000,"Kemang Village, Kemang, Jakarta",2
Hard Rock Kafe,4.2,"Amerika, Burger",200000,"Pacific Place, SCBD, Jakarta",2
TGI Fridays,4.3,"Burger, Amerika, Itali",200000,"Kemang Village, Kemang, Jakarta",2
Meat Me Steak House & Butchery,4.1,Steak,200000,"Kemang Village, Kemang, Jakarta",2
Gandy Steak House,3.4,Steak,200000,"Epicentrum Walk, Kuningan, Jakarta",2
On Eleven - Ascott Kuningan Jakarta,3.6,"Barat, Indonesia",200000,"Karet, Jakarta",2
Komunal88,4.3,"Itali, Kopi, Tea",215000,"Kemang, Jakarta",2
Bottega Ristorante,4.2,Itali,225000,"Fairgrounds, SCBD, Jakarta",2
Kila Kila by Akasya,4.3,Indonesia,225000,"SCBD, Jakarta",2
The Goods Diner,4.1,"Burger, Eropa",225000,"Fairgrounds, SCBD, Jakarta",2
Porta Venezia - Aryaduta Suites Semanggi,3.5,"Indonesia, Barat",225000,"Sudirman, Jakarta",2
Bloeming Bar and Resto,3.1,"Indonesia, Barat, Itali",225000,"fX Sudirman, Sudirman, Jakarta",2
Paul,4.1,"Kafe, Kue & Roti, Desserts, Barat",225000,"Plaza Senayan, Senayan, Jakarta",2
Liberte,3.9,Itali,225000,"Pacific Place, SCBD, Jakarta",2
The Edge,3.8,"Asia, Grill",225000,"Kemang, Jakarta",2
Lovester Shack,4.5,Seafood,225000,"Pondok Indah, Jakarta",2
McGettigan's,4,"Barat, Asia",225000,"Menara BTPN, Kuningan, Jakarta",2
Smokey Ribs,3.2,"Amerika, Itali, Eropa",225000,"Kemang Village, Kemang, Jakarta",2
William's,4.2,"Barat, Asia",228000,"SCBD, Jakarta",2
Peacock Lounge - Fairmont Jakarta,4.1,Kafe,250000,"Fairmont Jakarta, Senayan, Jakarta",2
Tucano's Churrascaria - Brazilian Barbekyu & Buffet,3.9,"Steak, Grill House, Barbekyu, Amerika Latin",250000,"Senayan City, Senayan, Jakarta",2
Furusato Izakaya,4.5,Jepang,250000,"Sudirman, Jakarta",2
Mare Nostrum,4.1,Mediterania,250000,"Grand Sahid Jaya, Sudirman, Jakarta",2
Osteria GIA,4.7,Itali,250000,"Pacific Place, SCBD, Jakarta",2
Wolfgang's Steakhouse,3.3,Steak,250000,"SCBD, Jakarta",2
Sumibian,4.2,Sushi,250000,"Plaza Chase, Sudirman, Jakarta",2
Outback Steakhouse,4.2,"Steak, Burger, Seafood",250000,"Ratu Plaza, Sudirman, Jakarta",2
AW Kitchen by Akira Watanabe,4.4,"Itali, Jepang",250000,"Plaza Senayan, Senayan, Jakarta",2
Bleu8 - Hotel Mulia,3.8,"Barat, Asia, Meksiko",250000,"Hotel Mulia, Senayan, Jakarta",2
Sapori Deli - Fairmont Jakarta,4,Itali,250000,"Fairmont Jakarta, Senayan, Jakarta",2
The Chocolate Boutique & Cake Shops - Hotel Mulia,3.4,"Kue & Roti, Desserts",250000,"Hotel Mulia, Senayan, Jakarta",2
Plataran Tiga Dari,3.8,"Indonesia, Minuman, Desserts",250000,"Sudirman, Jakarta",2
LBRTY,3.6,Barat,250000,"SCBD, Jakarta",2
Plataran Dharmawangsa,4.6,Indonesia,250000,"Dharmawangsa Square, Dharmawangsa, Jakarta",2
Ivy Restaurant,3.9,"Itali, Barat, Indonesia",250000,"Dharmawangsa, Jakarta",2
Alto Restaurant & Bar - Four Seasons,4.3,Itali,250000,"Four Seasons, Gatot Subroto, Jakarta",2
Nusa Indonesian Gastronomy,4.3,Indonesia,250000,"Kemang, Jakarta",2
QUEENS HEAD,4.1,British,250000,"Kemang, Jakarta",2
Palm Court - Four Seasons,4.1,Indonesia,250000,"Four Seasons, Gatot Subroto, Jakarta",2
Sperta - Grand Kemang Jakarta,3.9,"Barat, Indonesia",250000,"Grand Kemang Hotel, Kemang, Jakarta",2
Harum Manis,4.4,Indonesia,275000,"Apartemen Pavilion, Sudirman, Jakarta",2
Huize van Wely,4,"Indonesia, Jepang, Barat",275000,"Pacific Place, SCBD, Jakarta",2
The Pallas,4.2,"Barat, Asia",275000,"Fairgrounds, SCBD, Jakarta",2
Gyu - Kaku Japanese Barbekyu,2.9,"Jepang, Barbekyu",275000,"Senayan, Jakarta",2
Satoo - Shangri-La Hotel,4.4,"Indonesia, Barat",275000,"Shangri-La Hotel, Jakarta, Sudirman, Jakarta",2
Cork & Screw Country Club,4.1,"Eropa, Grill House, Asia",300000,"Senayan National Golf Club, Senayan, Jakarta",2
"Nippon - Kan, The Sultan Hotel Jakarta",3.9,Jepang,300000,"The Sultan Hotel Jakarta, Senayan, Jakarta",2
FUKURO Dining & Sake Bar,4.1,Jepang,300000,"Fairgrounds, SCBD, Jakarta",2
Ippachi,3.9,"Jepang, Sushi",300000,"Wisma BNI 46, Sudirman, Jakarta",2
Shabu-Shabu Shaburi,4.1,Jepang,300000,"Senayan City, Senayan, Jakarta",2
Yakiniku Kintan Buffet,4.3,Jepang,300000,"Senayan City, Senayan, Jakarta",2
Volare,3.9,"Itali, Pizza, Steak",300000,"Cilandak Town Square, Fatmawati, Jakarta",2
"Lobo Italian Bistro - The Ritz-Carlton Jakarta, Mega Kuningan",4,Itali,300000,"The Ritz-Carlton Jakarta, Mega Kuningan, Kuningan, Jakarta",2
Biztro Graffiti - Mercure Jakarta Simatupang,-,"Eropa, Indonesia, Barat",300000,"Mercure Jakarta Simatupang, Lebak Bulus, Jakarta",2
ROMA Osteria & Bar,4,Itali,300000,"SCBD, Jakarta",2
TenJin,3.6,"Jepang, Barbekyu",325000,"Wisma Keiai - Kyoei Prince, Sudirman, Jakarta",3
En Japanese Dining,4.3,"Sushi, Jepang",325000,"Senayan City, Senayan, Jakarta",3
Nishimura - Shangri-La Hotel,3.5,"Jepang, Sushi",325000,"Shangri-La Hotel, Jakarta, Sudirman, Jakarta",3
Motion Blue Jakarta - Fairmont Jakarta,3.5,"Jepang, Perancis, Barat",335000,"Fairmont Jakarta, Senayan, Jakarta",3
Takumi Robata,4.1,"Jepang, Sushi",350000,"The MAJ Senayan, Senayan, Jakarta",3
Orient8 - Hotel Mulia,4.5,"Perancis, Vietnam, Thai, Singapura",350000,"Hotel Mulia, Senayan, Jakarta",3
ZAZA's Boutique Bar & Eatery,3.1,Barat,350000,"SCBD, Jakarta",3
PASOLA - The Ritz-Carlton Pacific Place,4.7,"Indonesia, Barat",350000,"The Ritz Carlton, SCBD, Jakarta",3
Rosso - Shangri-La Hotel,4.3,Itali,400000,"Shangri-La Hotel, Jakarta, Sudirman, Jakarta",3
Iseya Robatayaki,4.1,Jepang,400000,"Sampoerna Strategic Square, Sudirman, Jakarta",3
Table8 - Hotel Mulia,4.9,"Chinese, Dimsum",400000,"Hotel Mulia, Senayan, Jakarta",3
Edogin - Hotel Mulia,4.8,Jepang,400000,"Hotel Mulia, Senayan, Jakarta",3
Vong Kitchen,4.3,Barat,400000,"Alila Hotel, SCBD, Jakarta",3
Bistecca,4.4,"Steak, Itali",425000,"18 Parc SCBD, SCBD, Jakarta",3
Apron Grill,5,"Grill House, Fusion, Barat",500000,"The MAJ Senayan, Senayan, Jakarta",3
il Mare - Hotel Mulia,4.1,Itali,500000,"Hotel Mulia, Senayan, Jakarta",3
Senshu Japanese Restaurant - Fairmont Jakarta,4.1,Jepang,500000,"Fairmont Jakarta, Senayan, Jakarta",3
1945 Restaurant - Fairmont Jakarta,4,Indonesia,500000,"Fairmont Jakarta, Senayan, Jakarta",3
House of Yuen - Fairmont Jakarta,4.3,"Chinese, Dimsum",500000,"Fairmont Jakarta, Senayan, Jakarta",3
Fonzu Premium Grill & Shabu 北海道ビール園,4.4,Jepang,500000,"Wisma BNI 46, Sudirman, Jakarta",3
Gyu - Kaku Prime,3.9,Jepang,582500,"Pacific Place, SCBD, Jakarta",3
The Café - Hotel Mulia,4.9,"Indonesia, Barat",600000,"Hotel Mulia, Senayan, Jakarta",3
Spectrum - Fairmont Jakarta,4.6,Barat,650000,"Fairmont Jakarta, Senayan, Jakarta",3
View - Fairmont Jakarta,4.2,Barat,700000,"Fairmont Jakarta, Senayan, Jakarta",3
Amuz,4.4,Perancis,800000,"Energy Building, SCBD, Jakarta",3
Ebeya Steakhouse - The Ritz Carlton Pacific Place,4.2,"Jepang, Steak",1500000,"The Ritz Carlton, SCBD, Jakarta",3
Henshin - The Westin Jakarta,4.2,"Peruvian, Jepang",700000,"The Westin Jakarta, Kuningan, Jakarta",3